"","cluster","comb"
"1",54,16
"2",0.596293452424484,0.596302587097742
