"","cluster","mortality","tourism"
"1","Kmedoids",6.77701149425287,20.9889807162534
"2","hcluster",96,302
"3","natural",35.048275862069,250
