"","features","mortality","tourism"
"1","hw_parameters_gamma",0.0202667751478222,0.000164919828665184
"2","seas_acf1",0.652332597813592,0.181430833447583
"3","trend",0.757354402432126,0.155868907586153
