"","method","tourism","mortality"
"1","Natural",0.691315757760929,0.750082595090292
"2","Two-level",0.694365637022797,0.752814931006286
