"","method","tourism","mortality"
"1","Natural",0.481766872489098,0.513189822299209
"2","Two-level",0.485315605977596,0.513934476641946
