"","tourism","mortality"
"1",5,65
"2",0.691315757760929,0.750082595090292
