"","tourism","mortality"
"1",2,101
"2",0.481766872489098,0.513189822299209
"3",2,0
"4",0,1
